00038,134
121810310018,140
16491A04C5,45
168A1A0455,128
18091A04H9,133
181FA06009,110
18471A0551,126
18691A04E8,117
18691A0544,5
18761A0479,129
1881951044,136
18BF1A05C3,124
18BF1A05C4,125
18F01A0548,124
18FE1A05A1,120
18FE1A05A7,105
18FE1A05B7,113
18HT1A0519,126
19005A0503,146
19005A0520,137
19005A0521,156
19131a05n2,133
192U1A0514,121
19695A0514,112
19765A0501,123
199w1f0074,24
19BQ1A0536 ,3
19BQ1A0536,117
19BQ1A0551 ,13
19BQ1A0551,114
19KQ1A0502,81
19KQ1A0504,146
19KQ1A0505,128
19KQ1A0506,120
19KQ1A0507,134
19KQ1A0508,120
19KQ1A0511,132
19KQ1A0518,108
19KQ1A0519,133
19KQ1A0521,109
19KQ1A0522,128
19KQ1A0523,126
19KQ1A0526,135
19KQ1A0528,47
19KQ1A0530,118
19KQ1A0532,135
19KQ1A0534,7
19KQ1A0541,135
19KQ1A0547,129
19KQ1A0548,129
19KQ1A0550,134
19KQ1A0564,124
19KQ1A05H1,129
19KQ1AO528,61
19KQA0505,0
19kQ1A0534,110
19kq1a0514,38
19kq1a0520,59
19kq1a0527,129
19kq1a05h4,123
19kq1a0705,121
19kq1a0718,132
19kq1a0721,11
19kq1a0725,107
20kQ5AO513,140
20kq5a0504 ,136
319506402074,1
319506402075,128
319506402097,123
319506402100,129
319506402102,128
319506402106,115
321810401037,48
321810401044,126
AP18110010142,125
AP19110010038,125
AP19110010054,118
AP19110010095 ,1
AP19110010095,124
AP19110010141,122
AP19110010170,111
AP19110010195,122
AP19110010204,123
AP19110010226,127
AP19110010243,126
AP19110010288,157
AP19110010297,122
AP19110010317,126
AP19110010408,107
AP19110010410,121
AP19110010488,136
AP19110010492,126
AP19110010497,91
AP19110010503,78
AP19110010546,75
N Ravi Kumar ,153
S160179,39
S160188,155
Sk Badulla,31
Y16ME927,143
Y18ACS431,122
Y18ACS465,125
Y18ACS473,132
Y18ACS474,32
Y18ACS482,130
Y18ACS483 ,111
Y18ACS484,132
Y18ACS501,125
Y18ACS511,132
